Domain,Status,Attractiveness,Demand,Length,Sectors,Created,Expires,Registrar
sixth.email,available,100,8%,5,Mathematics,,,
third.email,available,100,16%,5,Mathematics,,,
twentieth.email,available,92,3%,9,Mathematics,,,
nought.email,available,92,4%,6,Mathematics,,,
leash.email,available,90,7%,5,"General,Health and Fitness,Retail",,,
three.email,expiring,88,24%,5,Mathematics,13/09/2016 06:38,13/09/2025 06:38,Super Registry Ltd
fifteen.email,available,88,13%,7,Mathematics,,,
ace.email,available,88,34%,3,Sports,,,
eleven.email,available,88,33%,6,Mathematics,,,
xiv.email,available,86,12%,3,Mathematics,,,
twentyone.email,available,84,13%,10,Mathematics,,,
thirteen.email,available,84,10%,8,Mathematics,,,
grand.email,resell,84,25%,5,"Finance,General",18/12/2024 00:34,18/12/2025 00:34,"Sav.com, LLC"
seventeen.email,available,84,7%,9,Mathematics,,,
twentytwo.email,available,84,11%,10,Mathematics,,,
fivesome.email,available,82,1%,8,Sports,,,
nine.email,available,80,24%,4,"General,Mathematics",,,
seventh.email,available,80,10%,7,Mathematics,,,
twentysix.email,available,78,8%,10,Mathematics,,,
hundredth.email,available,76,1%,9,Mathematics,,,
nineteenth.email,available,76,3%,10,Mathematics,,,
firstrate.email,available,76,6%,10,Business,,,
thirteenth.email,available,76,4%,10,Mathematics,,,
fifteenth.email,available,76,2%,9,Mathematics,,,
threed.email,available,76,7%,7,Technology,,,
thousandth.email,available,76,1%,10,Mathematics,,,
fourteenth.email,available,76,1%,10,Mathematics,,,
eightieth.email,available,72,1%,9,Mathematics,,,
trinity.email,available,72,18%,7,Religion,,,
liv.email,resell,72,27%,3,Mathematics,18/08/2023 15:15,18/08/2026 15:15,"Chengdu West Dimension Digital Technology Co., Ltd."
seventieth.email,available,72,1%,10,Mathematics,,,
ninetieth.email,available,72,1%,9,Mathematics,,,
ternary.email,available,72,7%,7,Mathematics,,,
sixtieth.email,available,72,1%,8,Mathematics,,,
octonary.email,available,68,1%,8,Mathematics,,,
ennead.email,available,68,5%,6,Mathematics,,,
fiftieth.email,available,68,0%,8,Mathematics,,,
threesome.email,available,68,5%,9,Entertainment,,,
sevener.email,available,68,1%,7,Mathematics,,,
septenary.email,available,68,1%,9,Mathematics,,,
thirtieth.email,available,68,1%,9,Mathematics,,,
foursome.email,available,68,4%,8,Sports,,,
fortieth.email,available,68,0%,8,Mathematics,,,
ane.email,available,68,12%,3,Mathematics,,,
xxv.email,available,66,6%,3,Mathematics,,,
xvi.email,available,66,5%,3,Mathematics,,,
deuce.email,available,66,9%,5,Sports,,,
five.email,resell,66,26%,4,Mathematics,21/07/2024 17:00,21/07/2026 17:00,Domain Science Kutatási Szolgáltató Korlátolt Felelősségű Társaság
clv.email,available,66,10%,3,Mathematics,,,
xviii.email,available,66,5%,5,Mathematics,,,
four.email,resell,66,27%,4,Mathematics,27/11/2024 13:38,27/11/2025 13:38,Domain Science Kutatási Szolgáltató Korlátolt Felelősségű Társaság
onec.email,available,66,6%,5,Mathematics,,,
xiii.email,available,66,9%,4,Mathematics,,,
xxvi.email,available,66,3%,4,Mathematics,,,
thirty.email,available,66,8%,6,Mathematics,,,
sextet.email,available,66,1%,6,Entertainment,,,
xxii.email,available,66,6%,4,Mathematics,,,
acappella.email,available,66,6%,10,Entertainment,,,
xvii.email,available,66,5%,4,Mathematics,,,
six.email,available,66,26%,3,Mathematics,,,
quartet.email,available,62,7%,7,"Arts,Entertainment",,,
troika.email,available,62,8%,6,Politics,,,
chiliad.email,available,62,2%,7,Mathematics,,,
fortyfour.email,available,62,6%,10,Mathematics,,,
eleventh.email,available,62,5%,8,Mathematics,,,
eighteenth.email,available,62,1%,10,Mathematics,,,
longdozen.email,available,62,2%,10,Mathematics,,,
twodozen.email,available,62,1%,9,Mathematics,,,
sixteenth.email,available,62,1%,9,Mathematics,,,
eightysix.email,available,60,7%,10,Mathematics,,,
thou.email,available,60,7%,4,Mathematics,,,
clxx.email,available,60,3%,4,Mathematics,,,
cxlv.email,available,60,2%,4,Mathematics,,,
clxxx.email,available,60,1%,5,Mathematics,,,
clxv.email,available,60,1%,4,Mathematics,,,
cxxv.email,available,60,1%,4,Mathematics,,,
cxl.email,available,60,7%,3,Mathematics,,,
tertiary.email,available,60,4%,8,Education,,,
cxxx.email,available,60,4%,4,Mathematics,,,
xcl.email,available,60,5%,3,Mathematics,,,
cxv.email,available,60,4%,3,Mathematics,,,
clxxv.email,available,60,1%,5,Mathematics,,,
cxxxv.email,available,60,2%,5,Mathematics,,,
seventy.email,available,58,7%,7,Mathematics,,,
niner.email,available,58,5%,5,Mathematics,,,
centesimal.email,available,58,1%,10,Mathematics,,,
alacarte.email,available,58,11%,10,Food and Beverage,,,
hexad.email,available,58,4%,5,Mathematics,,,
sixtyone.email,available,58,3%,9,Mathematics,,,
tetrad.email,available,58,5%,6,Mathematics,,,
octad.email,available,58,5%,5,Mathematics,,,
sixer.email,available,58,5%,5,Sports,,,
lxxx.email,available,58,2%,4,Mathematics,,,
super.email,resell,58,47%,5,Business,08/07/2015 22:01,08/07/2027 22:01,"Chengdu West Dimension Digital Technology Co., Ltd."
eighter.email,available,58,2%,7,Mathematics,,,
heptad.email,available,58,1%,6,Mathematics,,,
fourscore.email,available,58,4%,9,Mathematics,,,
sextuplet.email,available,58,1%,9,Healthcare,,,
pentad.email,available,58,2%,6,Mathematics,,,
twelfth.email,available,58,2%,7,Mathematics,,,
lviii.email,available,56,1%,5,Mathematics,,,
fiftyfive.email,available,56,7%,10,Mathematics,,,
fiftysix.email,available,56,4%,9,Mathematics,,,
xxxi.email,available,56,9%,4,Mathematics,,,
liii.email,available,56,4%,4,Mathematics,,,
fiftyone.email,available,56,7%,9,Mathematics,,,
xxxviii.email,available,56,1%,7,Mathematics,,,
xxix.email,available,56,4%,4,Mathematics,,,
xxiii.email,available,56,5%,5,Mathematics,,,
fiftynine.email,available,56,4%,10,Mathematics,,,
thirtytwo.email,available,56,5%,10,Mathematics,,,
xli.email,available,56,5%,3,Mathematics,,,
thirtysix.email,available,56,5%,10,Mathematics,,,
lvii.email,available,56,1%,4,Mathematics,,,
xlvi.email,available,56,3%,4,Mathematics,,,
thirtyone.email,available,56,5%,10,Mathematics,,,
xxxvii.email,available,56,2%,6,Mathematics,,,
fortynine.email,available,56,3%,10,Mathematics,,,
xliii.email,available,56,1%,5,Mathematics,,,
xxvii.email,available,56,3%,5,Mathematics,,,
xliv.email,available,56,2%,4,Mathematics,,,
halfdozen.email,available,56,1%,10,Mathematics,,,
xxxii.email,available,56,1%,5,Mathematics,,,
xxxiv.email,available,56,1%,5,Mathematics,,,
xxviii.email,available,56,1%,6,Mathematics,,,
xxxiii.email,available,56,2%,6,Mathematics,,,
xlviii.email,available,56,1%,6,Mathematics,,,
xxiv.email,available,56,5%,4,Mathematics,,,
xxxv.email,available,56,4%,4,Mathematics,,,
fiftytwo.email,available,56,6%,9,Mathematics,,,
fortyone.email,available,56,4%,9,Mathematics,,,
fortysix.email,available,56,3%,9,Mathematics,,,
xlvii.email,available,56,2%,5,Mathematics,,,
fiftyfour.email,available,56,3%,10,Mathematics,,,
xxxvi.email,available,56,1%,5,Mathematics,,,
xlii.email,available,56,5%,4,Mathematics,,,
viii.email,available,54,6%,4,Mathematics,,,
quaternion.email,available,54,6%,10,Mathematics,,,
quatern.email,available,54,2%,7,Mathematics,,,
fortyfive.email,available,54,4%,10,Mathematics,,,
quaternity.email,available,54,4%,10,Mathematics,,,
twoscore.email,available,54,2%,8,Mathematics,,,
deuceace.email,available,54,2%,9,Sports,,,
topnotch.email,available,54,18%,8,Business,,,
vii.email,available,54,13%,3,Mathematics,,,
threescore.email,available,54,1%,10,Mathematics,,,
eightyone.email,available,52,3%,10,Mathematics,,,
xcvi.email,available,52,2%,4,Mathematics,,,
sixtyfour.email,available,52,3%,10,Mathematics,,,
lxxxvi.email,available,52,1%,6,Mathematics,,,
lxv.email,available,52,5%,3,Mathematics,,,
lxxxiv.email,available,52,1%,6,Mathematics,,,
xcv.email,available,52,7%,3,Mathematics,,,
lxii.email,available,52,1%,4,Mathematics,,,
lxxxvii.email,available,52,1%,7,Mathematics,,,
lxxiii.email,available,52,1%,6,Mathematics,,,
lxxii.email,available,52,1%,5,Mathematics,,,
xcviii.email,available,52,1%,6,Mathematics,,,
lxxiv.email,available,52,1%,5,Mathematics,,,
lxvii.email,available,52,1%,5,Mathematics,,,
ninetysix.email,available,52,4%,10,Mathematics,,,
lxi.email,available,52,5%,3,Mathematics,,,
ixc.email,available,52,5%,3,Mathematics,,,
lxvi.email,available,52,3%,4,Mathematics,,,
lxxvii.email,available,52,2%,6,Mathematics,,,
sixtytwo.email,available,52,3%,9,Mathematics,,,
lxxxi.email,available,52,1%,5,Mathematics,,,
xciii.email,available,52,1%,5,Mathematics,,,
lxxi.email,available,52,1%,4,Mathematics,,,
xcii.email,available,52,2%,4,Mathematics,,,
xci.email,available,52,4%,3,Mathematics,,,
ixl.email,available,52,9%,3,Mathematics,,,
sixtyfive.email,available,52,3%,10,Mathematics,,,
lxxxv.email,available,52,1%,5,Mathematics,,,
xcvii.email,available,52,1%,5,Mathematics,,,
lxiii.email,available,52,2%,5,Mathematics,,,
lxviii.email,available,52,1%,6,Mathematics,,,
eightytwo.email,available,52,4%,10,Mathematics,,,
ninetytwo.email,available,52,4%,10,Mathematics,,,
lxxxiii.email,available,52,1%,7,Mathematics,,,
lxxxii.email,available,52,1%,6,Mathematics,,,
xciv.email,available,52,2%,4,Mathematics,,,
sixtysix.email,available,52,4%,9,Mathematics,,,
lxxv.email,available,52,1%,4,Mathematics,,,
lxxvi.email,available,52,1%,5,Mathematics,,,
lxiv.email,available,52,3%,4,Mathematics,,,
ogdoad.email,available,50,1%,6,Mathematics,,,
lxx.email,available,50,5%,3,Mathematics,,,
cinque.email,available,50,7%,6,Mathematics,,,
triplet.email,available,50,8%,7,Science,,,
lxxxviii.email,available,48,1%,8,Mathematics,,,
quaternary.email,available,46,3%,10,Mathematics,,,